1,,MWI:Desert,MWI:Plains,MWO:Jungle,MWI:Wetlands,MUI:Wetlands
2,,WO:Desert,WO:Plains,WO:Jungle,WO:Wetlands
3,,MUI:Wetlands
4,,MUI:Wetlands
5,,MUD:Wetlands
6,,MUI:Desert
7,,WO:Desert,WO:Wetlands,MUD:Desert
8,,WO:Desert,WO:Plains,WO:Jungle,WO:Wetlands,MUI:Desert,MUI:Wetlands
9,,WO:Desert,WO:Wetlands,MUD:Desert
10,,WO:Desert,WO:Wetlands,MUI:Desert
11,,MP:Wetlands,WO:Desert,WO:Wetlands,MUI:Desert,MUD:Wetlands
12,
13,,WO:Desert,WO:Wetlands,MUI:Wetlands
14,,WO:Desert,WO:Wetlands,MUD:Jungle,MUD:Wetlands
15,,WO:Desert,WO:Plains,WO:Jungle,WO:Wetlands,MUI:Jungle,MUD:Wetlands
16,,MP:Wetlands,WO:Desert,WI:Jungle,WO:Wetlands,MUD:Jungle
17,,MP:Desert,WO:Desert,WI:Plains,WI:Jungle,WO:Wetlands
18,,MP:Wetlands,WO:Desert,WI:Plains,WI:Jungle,WO:Wetlands,MUD:Jungle
19,,MP:Desert,MP:Jungle,MP:Wetlands,WO:Desert,WI:Plains,WO:Jungle,WO:Wetlands,MUI:Jungle,MUD:Wetlands
20,,WO:Desert,WI:Plains,WI:Jungle,WO:Wetlands,MUD:Desert,MUI:Jungle
21,,MP:Desert,WO:Desert,WO:Plains,WO:Wetlands,MUI:Desert,MUI:Wetlands
22,,MP:Jungle,WI:Desert,WI:Plains,WO:Jungle,WI:Wetlands,MUI:Jungle
23,
24,,MP:Jungle,MP:Wetlands,WI:Desert,WO:Plains,WO:Jungle,WO:Wetlands
25,,WI:Desert,WO:Wetlands,MUD:Jungle
26,,WO:Desert,WO:Jungle,WO:Wetlands,MUI:Desert,MUI:Jungle
27,
28,,MP:Jungle,WO:Desert,WO:Plains,WI:Jungle,WO:Wetlands,MUD:Desert,MUD:Jungle,MUD:Wetlands
29,,MP:Desert,WO:Desert,WI:Jungle,WO:Wetlands
30,
31,,MP:Desert,WO:Desert,WI:Plains,WO:Jungle,WO:Wetlands,MUI:Jungle,MUD:Wetlands
32,,WO:Desert,WI:Plains,WO:Jungle,WO:Wetlands
33,
34,,MP:Desert,MP:Jungle,WO:Desert,WO:Plains,WO:Jungle,WO:Wetlands,MUD:Jungle,MUD:Wetlands
35,,P:Desert,MP:Wetlands,WO:Desert,WO:Plains,WO:Jungle,WO:Wetlands,MUI:Jungle
36,
37,,MP:Jungle,WO:Desert,WO:Plains,WI:Jungle,WI:Wetlands,MUD:Desert
38,,WO:Desert,WO:Plains,WI:Jungle,WI:Wetlands,MUD:Jungle
39,
40,,MP:Desert,MP:Jungle,WO:Desert,WO:Plains,WI:Jungle,WI:Wetlands,MUI:Desert,MUI:Jungle
41,,WO:Desert,WI:Jungle,WO:Wetlands,MUD:Jungle
42,
43,,MP:Desert,MP:Plains,MP:Wetlands,WO:Desert,WO:Plains,WI:Jungle,WI:Wetlands,MUD:Desert,MUI:Jungle,MUI:Wetlands
44,,WO:Desert,WO:Plains,WI:Jungle,WI:Wetlands,MUI:Desert,MUD:Jungle,MUD:Wetlands
45,
46,,MP:Jungle,WO:Desert,WI:Plains,WI:Jungle,WI:Wetlands,MUD:Desert,MUI:Jungle,MUI:Wetlands
47,,P:Desert,MP:Jungle,WO:Desert,WI:Plains,WI:Jungle,WO:Wetlands,MUI:Desert,MUD:Jungle
48,
49,,P:Desert,MP:Plains,P:Jungle,MP:Wetlands,WO:Desert,WI:Plains,WI:Jungle,WO:Wetlands
50,,P:Desert,WO:Desert,WO:Plains,WO:Jungle,WO:Wetlands,MUD:Desert,MUD:Jungle
51,,P:Jungle,WO:Desert,WI:Plains,WO:Jungle,WO:Wetlands,MUI:Desert,MUI:Jungle
52,,WI:Desert,WI:Plains,WO:Jungle,WO:Wetlands,MUD:Jungle
53,,P:Desert,MP:Jungle,WI:Plains,WO:Jungle,WO:Wetlands
54,,P:Desert,WO:Desert,WI:Plains,WO:Jungle,WO:Wetlands
55,,P:Desert,MP:Plains,P:Jungle,WO:Desert,WI:Plains,WO:Jungle,WI:Wetlands,MUI:Plains,MUI:Jungle
56,,P:Desert,WO:Desert,WI:Plains,WO:Jungle,WI:Wetlands,MUI:Plains,MUD:Jungle
57,,MP:Wetlands,WO:Desert,WO:Plains,WO:Jungle,WI:Wetlands,MUI:Plains
58,,WO:Desert,WO:Plains,WO:Jungle,WO:Wetlands,MUI:Jungle
59,,MP:Plains,P:Jungle,WO:Desert,WO:Plains,WO:Jungle,MUD:Jungle
60,,P:Jungle,WO:Desert,WO:Plains,WO:Jungle,WI:Wetlands,MUD:Desert,MUD:Wetlands
61,,MP:Desert,P:Wetlands,WO:Desert,WI:Plains,WO:Jungle,WO:Wetlands,MUI:Jungle
62,,MP:Plains,WO:Desert,WI:Plains,WO:Jungle,WO:Wetlands,MUI:Plains,MUD:Jungle,MUI:Wetlands
63,,P:Desert,P:Plains,WO:Desert,WI:Plains,WO:Jungle,WO:Wetlands,MUD:Plains,MUI:Jungle
64,,MP:Plains,WO:Desert,WO:Plains,WO:Jungle,WO:Wetlands,MUD:Plains,MUD:Jungle
65,
66,,P:Desert,P:Jungle,P:Wetlands,WO:Desert,WI:Plains,WO:Jungle,WO:Wetlands,MUI:Plains,MUI:Jungle
67,,P:Desert,MP:Jungle,WO:Desert,WI:Plains,WI:Jungle,WO:Wetlands,MUD:Plains,MUD:Jungle
68,,P:Plains,WO:Desert,WO:Plains,WO:Jungle,WO:Wetlands,MUI:Plains
69,,WO:Desert,WI:Plains,WI:Jungle,WO:Wetlands,MUD:Desert,MUI:Jungle
70,,MP:Jungle,WO:Desert,WI:Plains,WO:Jungle,WO:Wetlands,MUD:Wetlands
71,,P:Plains,P:Jungle,WI:Desert,WI:Plains,WO:Jungle,WO:Wetlands,MUD:Wetlands
72,,MP:Plains,P:Jungle,WI:Desert,WI:Plains,WI:Jungle,WO:Wetlands,MUD:Desert,MUI:Plains
73,,P:Desert,WI:Desert,WO:Plains,WO:Jungle,WO:Wetlands,MUD:Jungle
74,,WO:Desert,WO:Plains,WO:Jungle,WO:Wetlands,MUD:Jungle
75,,P:Jungle,WO:Desert,WO:Plains,WO:Jungle
76,,WO:Desert,WO:Plains,WO:Jungle,WO:Wetlands,MUI:Wetlands
77,
78,,P:Jungle,WO:Desert,WO:Plains,WO:Jungle,WO:Wetlands,MUD:Plains,MUI:Jungle,MUD:Wetlands
79,,P:Plains,WI:Desert,WO:Plains,WO:Jungle,WO:Wetlands,MUI:Plains,MUI:Jungle
80,
81,,P:Jungle,P:Wetlands,WI:Desert,WO:Plains,WO:Jungle,WO:Wetlands,MUD:Desert,MUI:Plains,MUD:Jungle,MUI:Wetlands
82,,P:Jungle,P:Wetlands,WI:Desert,WO:Plains,WI:Jungle,WO:Wetlands,MUI:Plains,MUD:Jungle
83,
84,,P:Plains,P:Jungle,WI:Desert,WO:Plains,WI:Jungle,WO:Wetlands,MUD:Plains,MUI:Jungle,MUI:Wetlands
85,,WO:Desert,WI:Plains,WI:Jungle,WO:Wetlands,MUD:Wetlands
86,
87,,MP:Plains,WO:Desert,WO:Plains,WI:Jungle,WO:Wetlands,MUI:Jungle
88,,WO:Desert,WO:Plains,WI:Jungle,WO:Wetlands,MUI:Plains
89,
90,,P:Desert,P:Plains,P:Jungle,P:Wetlands,WO:Desert,WO:Plains,WO:Jungle,WI:Wetlands
91,,P:Jungle,WO:Desert,WO:Plains,WO:Jungle,WI:Wetlands,MUD:Desert,MUI:Jungle,MUD:Wetlands
92,
93,,P:Plains,WO:Desert,WO:Plains,WO:Jungle,WI:Wetlands
94,,P:Jungle,WO:Desert,WO:Plains,WO:Jungle,WI:Wetlands,MUD:Plains,MUD:Jungle,MUI:Wetlands
95,
96,,P:Plains,P:Jungle,WO:Desert,WO:Plains,WO:Jungle,WI:Wetlands,MUI:Plains,MUD:Wetlands
97,,P:Plains,WO:Desert,WO:Plains,WI:Jungle,WI:Wetlands,MUI:Plains,MUI:Wetlands
98,
99,,WO:Desert,WO:Plains,WO:Jungle,WI:Wetlands,MUD:Desert,MUI:Jungle,MUD:Wetlands
100,,P:Plains,WO:Desert,WO:Plains,WI:Jungle,MUD:Plains,MUD:Jungle,MUI:Wetlands
101,,P:Plains,P:Jungle,P:Wetlands,WO:Desert,WO:Plains,WO:Jungle,WI:Wetlands,MUD:Jungle
102,,WO:Desert,WO:Plains,WO:Jungle,WI:Wetlands,MUI:Plains,MUI:Jungle
103,,P:Jungle,WO:Desert,WO:Plains,WO:Jungle,WI:Wetlands,MUD:Wetlands
104,,P:Wetlands,WO:Desert,WO:Plains,WO:Jungle,WO:Wetlands,MUD:Jungle,MUI:Wetlands
105,,WO:Desert,WO:Plains,WO:Jungle,WI:Wetlands,MUD:Plains
106,,P:Plains,WO:Desert,WO:Plains,WO:Jungle,WI:Wetlands,MUI:Desert,MUI:Plains
107,,P:Plains,P:Jungle,WO:Desert,WO:Plains,WO:Jungle,WI:Wetlands,MUI:Plains,MUI:Wetlands
108,,WO:Desert,WO:Plains,WO:Jungle,WI:Wetlands,MUI:Jungle
109,,P:Plains,WO:Desert,WO:Plains,WO:Jungle,WI:Wetlands,MUI:Desert,MUD:Plains
110,,WO:Desert,WO:Plains,WO:Jungle,WI:Wetlands,MUI:Plains
111,,P:Plains,WO:Desert,WO:Plains,WO:Jungle,WI:Wetlands,MUI:Desert,MUD:Plains
112,,P:Desert,P:Plains,WO:Desert,WO:Plains,WO:Jungle,WO:Wetlands,MUD:Desert,MUD:Plains,MUI:Jungle
113,,P:Jungle,WO:Desert,WO:Plains,WO:Jungle,WO:Wetlands,MUI:Desert
114,,P:Desert,P:Plains,WO:Desert,WO:Plains,WO:Jungle,WI:Wetlands,MUD:Jungle,MUD:Wetlands
115,,WO:Desert,WO:Plains,WO:Jungle,WO:Wetlands,MUD:Desert,MUI:Jungle,MUI:Wetlands
116,,P:Desert,P:Plains,P:Jungle,WO:Desert,WO:Plains,WO:Jungle,WI:Wetlands,MUD:Jungle,MUD:Wetlands
117,
118,,P:Desert,P:Plains,P:Wetlands,WO:Desert,WO:Plains,WO:Jungle,WI:Wetlands,MUI:Plains,MUI:Wetlands
119,,WO:Desert,WO:Plains,WO:Jungle,WI:Wetlands,MUI:Desert,MUI:Plains,MUD:Jungle
120,,P:Plains,WO:Desert,WO:Plains,WO:Jungle,WO:Wetlands,MUD:Desert,MUD:Plains,MUI:Jungle
121,,WO:Desert,WO:Plains,WO:Jungle,WI:Wetlands,MUD:Desert,MUD:Plains,MUI:Wetlands
122,,P:Desert,WO:Desert,WO:Plains,WO:Jungle,WO:Wetlands,MUI:Desert
123,,P:Jungle,P:Wetlands,WO:Desert,WO:Plains,WI:Jungle,WI:Wetlands,MUD:Plains,MUD:Jungle
124,,WO:Desert,WO:Plains,WO:Jungle,WI:Wetlands
125,,P:Desert,P:Plains,P:Jungle,WO:Desert,WO:Plains,WO:Jungle,WO:Wetlands,MUD:Desert,MUD:Plains,MUD:Jungle,MUI:Wetlands
126,,WO:Desert,WO:Plains,WO:Jungle,WI:Wetlands,MUI:Desert,MUI:Plains,MUI:Jungle,MUD:Wetlands
127,,P:Desert,P:Jungle,WO:Desert,WO:Plains,WO:Jungle,WO:Wetlands,MUD:Plains,MUD:Jungle,MUD:Wetlands
128,,P:Plains,WO:Desert,WO:Plains,WO:Jungle,WO:Wetlands
129,,P:Jungle,WO:Desert,WO:Plains,WI:Jungle,WO:Wetlands
130,
131,,WI:Desert,WO:Plains,WO:Jungle,WO:Wetlands,MUI:Desert,MUI:Plains,MUD:Jungle
132,,P:Plains,WO:Desert,WI:Plains,WO:Jungle,WO:Wetlands,MUI:Jungle,MUI:Wetlands
133,
134,,P:Desert,P:Jungle,P:Wetlands,WI:Desert,WO:Plains,WO:Jungle,WO:Wetlands,MUD:Desert,MUI:Plains,MUI:Jungle,MUD:Wetlands
135,,P:Plains,WI:Desert,WO:Plains,WO:Jungle,MUI:Desert,MUD:Jungle,MUI:Wetlands
136,
137,,P:Plains,WI:Desert,WO:Plains,WO:Jungle,WO:Wetlands,MUI:Jungle,MUD:Wetlands
138,,WO:Desert,WO:Plains,WO:Jungle,WO:Wetlands,MUD:Jungle,MUI:Wetlands
139,
140,,WI:Desert,WO:Plains,WO:Jungle,WO:Wetlands,MUD:Plains,MUD:Jungle,MUD:Wetlands
141,,P:Plains,P:Jungle,WO:Desert,WI:Plains,WO:Jungle,WO:Wetlands,MUI:Plains
142,
143,,WO:Desert,WI:Plains,WO:Jungle,WO:Wetlands,MUD:Desert,MUI:Jungle
144,,P:Desert,WO:Desert,WO:Plains,WO:Jungle,WO:Wetlands,MUI:Desert
145,
146,,P:Jungle,WO:Desert,WO:Plains,WO:Jungle,WO:Wetlands,MUD:Desert
147,,P:Plains,WO:Desert,WO:Plains,WO:Jungle,WO:Wetlands,MUI:Plains
148,
149,,P:Plains,P:Jungle,WI:Desert,WO:Plains,WO:Jungle,WO:Wetlands,MUI:Desert,MUD:Plains,MUD:Jungle,MUD:Wetlands
150,,P:Jungle,WO:Desert,WO:Plains,WO:Jungle,WO:Wetlands,MUI:Plains
151,
152,,P:Jungle,WI:Desert,WO:Plains,WO:Jungle,WO:Wetlands,MUI:Desert,MUD:Plains,MUI:Jungle
153,,P:Plains,WO:Desert,WO:Plains,WI:Jungle,WO:Wetlands,MUD:Desert
154,,P:Jungle,WO:Desert,WO:Plains,WO:Jungle,WO:Wetlands,MUI:Desert
155,,WO:Desert,WO:Plains,WO:Jungle,WO:Wetlands
156,,WO:Desert,WI:Plains,WO:Jungle,WO:Wetlands,MUD:Desert
157,,P:Plains,P:Jungle,WI:Desert,WI:Plains,WO:Jungle,WO:Wetlands,MUD:Desert
158,,P:Jungle,WI:Desert,WO:Plains,WI:Jungle,WO:Wetlands,MUI:Desert
159,,WI:Desert,WO:Plains,WO:Jungle,WO:Wetlands,MUI:Plains
160,,P:Plains,P:Jungle,WI:Desert,WO:Plains,WO:Jungle,WO:Wetlands
161,,WI:Desert,WO:Plains,WO:Jungle,WO:Wetlands
162,,P:Jungle,WO:Desert,WO:Plains,WO:Jungle,WO:Wetlands,MUI:Plains
163,,WI:Desert,WO:Plains,WO:Jungle,WO:Wetlands,MUD:Plains
164,,P:Plains,P:Jungle,WO:Desert,WO:Plains,WO:Jungle,WO:Wetlands,MUI:Plains,MUI:Jungle
165,,WI:Desert,WI:Plains,WO:Jungle,WO:Wetlands,MUD:Desert,MUD:Plains
166,,P:Desert,WI:Desert,WO:Plains,WI:Jungle,WO:Wetlands,MUI:Desert
167,,P:Plains,WI:Desert,WO:Plains,WI:Jungle,WO:Wetlands,MUD:Plains
168,,WI:Desert,WO:Plains,WO:Jungle,WO:Wetlands,MUI:Desert,MUD:Jungle
169,,P:Jungle,WI:Desert,WO:Plains,WO:Jungle,WO:Wetlands,MUD:Desert,MUD:Plains,MUI:Jungle
170,,P:Desert,P:Plains,WO:Desert,WO:Plains,WO:Jungle,WO:Wetlands,MUI:Desert
171,,P:Plains,P:Jungle,WI:Desert,WO:Plains,WO:Jungle,WO:Wetlands,MUD:Plains
172,,P:Desert,P:Plains,WO:Desert,WO:Plains,WO:Jungle,WO:Wetlands,MUD:Plains,MUD:Jungle
173,,WO:Desert,WO:Plains,WO:Jungle,WO:Wetlands
174,,P:Jungle,WO:Desert,WO:Plains,WO:Jungle,WI:Wetlands,MUD:Desert,MUI:Plains
175,,P:Desert,WO:Desert,WO:Plains,WO:Jungle,WI:Wetlands,MUD:Plains
176,,P:Desert,WO:Desert,WO:Plains,WO:Jungle,WI:Wetlands,MUD:Desert,MUI:Wetlands
177,,P:Jungle,WO:Desert,WO:Plains,WO:Jungle,WI:Wetlands,MUI:Desert
178,,WO:Desert,WO:Plains,WO:Jungle,WI:Wetlands,MUD:Jungle
179,
180,,P:Desert,WO:Desert,WO:Plains,WO:Jungle,WI:Wetlands
181,,WO:Desert,WO:Plains,WO:Jungle,WI:Wetlands,MUD:Desert,MUD:Plains,MUI:Jungle
182,,P:Desert,P:Jungle,WO:Desert,WO:Plains,WO:Jungle,WO:Wetlands,MUI:Desert
183,
184,,P:Desert,P:Jungle,P:Wetlands,WO:Desert,WO:Plains,WO:Jungle,WI:Wetlands
185,,P:Jungle,WO:Desert,WO:Plains,WO:Jungle,WI:Wetlands
186,
187,,P:Desert,P:Jungle,WO:Desert,WO:Plains,WI:Jungle,WI:Wetlands,MUD:Desert,MUI:Jungle
188,,P:Desert,P:Jungle,P:Wetlands,WO:Desert,WO:Plains,WO:Jungle,WO:Wetlands,MUD:Desert,MUD:Jungle
189,
190,,P:Desert,P:Jungle,WO:Desert,WO:Plains,WO:Jungle,WO:Wetlands,MUD:Plains,MUI:Jungle,MUI:Wetlands
191,,P:Jungle,WO:Desert,WO:Plains,WO:Jungle,WO:Wetlands,MUD:Jungle
192,
193,,P:Jungle,P:Wetlands,WO:Desert,WO:Plains,WO:Jungle,WO:Wetlands
194,,WO:Desert,WO:Plains,WO:Jungle,WO:Wetlands,MUD:Jungle
195,
196,,P:Jungle,P:Wetlands,WO:Desert,WO:Plains,WO:Jungle,WO:Wetlands,MUI:Desert
197,,P:Desert,MD:Plains,WO:Desert,WO:Plains,WO:Jungle,WO:Wetlands,MUI:Desert,MUI:Wetlands
198,
199,,D:Plains,WO:Desert,WO:Plains,WO:Jungle,WO:Wetlands,MUI:Jungle
200,,WO:Desert,WO:Plains,WO:Jungle,WO:Wetlands
201,,P:Desert,MP:Plains,WO:Desert,WO:Plains,WO:Jungle,WO:Wetlands,MUD:Wetlands
202,
203,,P:Wetlands,MD:Plains,WO:Desert,WO:Plains,WO:Jungle,WO:Wetlands,MUD:Desert,MUD:Wetlands
204,,P:Desert,WO:Desert,WO:Plains,WO:Jungle,WO:Wetlands,MUI:Desert,MUI:Plains,MUD:Jungle
205,
206,,P:Jungle,P:Wetlands,WO:Desert,WO:Plains,WO:Jungle,WO:Wetlands,MUI:Plains,MUI:Jungle
207,,WO:Desert,WO:Plains,WO:Jungle,WO:Wetlands,MUD:Desert,MUD:Plains,MUD:Wetlands
208,,P:Desert,D:Plains,WO:Desert,WO:Plains,WI:Jungle,WI:Wetlands,MUD:Plains,MUD:Jungle,MUI:Wetlands
209,,WO:Desert,WO:Plains,WO:Jungle,WO:Wetlands,MUD:Jungle
210,,P:Plains,WO:Desert,WO:Plains,WO:Jungle,WO:Wetlands,MUD:Jungle,MUI:Wetlands
211,,WI:Desert,WO:Plains,WO:Jungle,WO:Wetlands,MUD:Desert,MUD:Jungle
212,,MP:Plains,P:Jungle,P:Wetlands,WO:Desert,WO:Plains,WO:Jungle,WO:Wetlands,MUI:Jungle,MUD:Wetlands
213,,P:Wetlands,WO:Desert,WI:Plains,WO:Jungle,WI:Wetlands,MUI:Desert,MUI:Plains,MUD:Jungle,MUI:Wetlands
214,,WO:Desert,WI:Plains,WO:Jungle,WO:Wetlands,MUI:Plains,MUI:Jungle
215,,P:Wetlands,WO:Desert,WI:Plains,WO:Jungle,WO:Wetlands,MUD:Wetlands
216,,P:Wetlands,WO:Desert,WI:Plains,WO:Jungle,WO:Wetlands,MUD:Desert,MUD:Plains,MUI:Jungle,MUD:Wetlands
217,,P:Desert,P:Plains,WO:Desert,WO:Plains,WO:Jungle,WO:Wetlands,MUI:Desert,MUD:Jungle
218,,WO:Desert,WO:Plains,WO:Jungle,WO:Wetlands,MUI:Jungle
219,,P:Desert,P:Jungle,WO:Desert,WI:Plains,WO:Jungle,WO:Wetlands
220,,WO:Desert,WI:Plains,WO:Jungle,WO:Wetlands,MUD:Jungle,MUD:Wetlands
221,,WO:Desert,WO:Plains,WO:Jungle,WO:Wetlands,MUI:Jungle
222,,P:Plains,WO:Desert,WI:Plains,WO:Jungle,WO:Wetlands,MUI:Desert
223,,P:Jungle,WO:Desert,WO:Plains,WO:Jungle,WO:Wetlands,MUI:Desert,MUD:Jungle
224,,WO:Desert,WO:Plains,WO:Jungle,WO:Wetlands,MUI:Jungle
225,,WO:Desert,WO:Plains,WO:Jungle,WO:Wetlands,MUD:Desert,MUI:Jungle
226,,P:Wetlands,WO:Desert,WO:Plains,WO:Jungle,WO:Wetlands,MUD:Jungle
227,,P:Desert,WO:Desert,WO:Plains,WO:Jungle,WO:Wetlands,MUI:Desert,MUD:Jungle
228,,P:Jungle,WO:Desert,WO:Plains,WO:Jungle,WO:Wetlands
229,,P:Desert,WO:Desert,WO:Plains,WO:Jungle,WO:Wetlands,MUD:Desert,MUD:Jungle,MUI:Wetlands
230,
231,,WO:Desert,WO:Plains,WO:Jungle,WO:Wetlands,MUI:Jungle
232,,P:Desert,WO:Desert,WO:Plains,WO:Jungle,WO:Wetlands,MUD:Desert,MUD:Jungle,MUI:Wetlands
233,
234,,P:Desert,P:Wetlands,WO:Desert,WO:Plains,WO:Jungle,WO:Wetlands,MUI:Desert,MUI:Plains,MUI:Jungle,MUD:Wetlands
235,,WO:Desert,WO:Plains,WO:Jungle,WO:Wetlands,MUI:Desert,MUD:Jungle
236,
237,,P:Plains,WO:Desert,WO:Plains,WO:Jungle,WO:Wetlands,MUD:Desert,MUD:Jungle,MUI:Wetlands
238,,WO:Desert,WO:Plains,WO:Jungle,WO:Wetlands,MUI:Plains,MUI:Jungle,MUI:Wetlands
239,
240,,MD:Desert,WO:Desert,WO:Plains,WO:Jungle,WI:Wetlands,MUD:Desert,MUI:Plains,MUD:Jungle,MUD:Wetlands
241,,WI:Desert,WO:Plains,WO:Jungle,WI:Wetlands,MUD:Desert,MUI:Wetlands
242,
243,,MP:Desert,P:Plains,MD:Jungle,WO:Desert,WO:Plains,WO:Jungle,WI:Wetlands,MUD:Wetlands
244,,WO:Plains,WO:Jungle,WI:Wetlands,MUI:Plains
245,
246,,P:Desert,P:Plains,WO:Desert,WO:Plains,WO:Jungle,WO:Wetlands,MUD:Plains,MUD:Wetlands
247,,P:Desert,MP:Jungle,P:Wetlands,WO:Desert,WO:Plains,WO:Jungle,WO:Wetlands,MUI:Plains,MUI:Wetlands
248,
249,,D:Jungle,WO:Desert,WO:Plains,WO:Jungle,WO:Wetlands,MUD:Plains,MUI:Wetlands
250,,WI:Desert,WO:Plains,WO:Jungle,WO:Wetlands,MUI:Desert,MUD:Wetlands
251,
252,,P:Jungle,P:Wetlands,D:Plains,WO:Desert,WO:Plains,WO:Jungle,WO:Wetlands,MUD:Desert,MUI:Plains,MUD:Wetlands
253,,P:Wetlands,D:Jungle,WO:Desert,WO:Plains,WO:Jungle,WI:Wetlands,MUD:Plains,MUD:Wetlands
254,
255,,P:Desert,P:Plains,WO:Desert,WO:Plains,WO:Jungle,WI:Wetlands,MUD:Desert,MUI:Plains,MUI:Wetlands
256,,P:Desert,D:Plains,WO:Desert,WO:Plains,WO:Jungle,WI:Wetlands,MUI:Desert,MUI:Plains,MUD:Wetlands
257,,P:Desert,P:Jungle,MD:Plains,WO:Desert,WO:Plains,WO:Jungle,WI:Wetlands,MUI:Desert,MUD:Plains
258,,P:Plains,WO:Desert,WO:Plains,WO:Jungle,WO:Wetlands,MUD:Plains,MUI:Wetlands
259,,WO:Desert,WO:Plains,WO:Jungle,WI:Wetlands,MUI:Plains,MUI:Wetlands
260,,WO:Desert,WO:Plains,WO:Jungle,WO:Wetlands,MUD:Wetlands
261,,P:Desert,MP:Plains,P:Wetlands,MD:Jungle,WO:Desert,WO:Plains,WI:Jungle,WI:Wetlands,MUD:Plains,MUD:Jungle,MUD:Wetlands
262,,P:Desert,MD:Plains,WO:Desert,WO:Plains,WO:Jungle,WI:Wetlands,MUI:Plains
263,,WO:Desert,WO:Plains,WO:Jungle,WO:Wetlands,MUD:Plains,MUI:Wetlands
264,,MD:Plains,WO:Desert,WO:Plains,WO:Jungle,WO:Wetlands,MUD:Desert,MUI:Plains,MUD:Wetlands
265,,P:Desert,P:Plains,MP:Jungle,WO:Desert,WO:Plains,WO:Jungle,WO:Wetlands,MUI:Desert,MUD:Plains,MUI:Wetlands
266,,MP:Plains,D:Desert,D:Jungle,WO:Desert,WO:Plains,WO:Jungle,WO:Wetlands,MUI:Plains
267,,D:Plains,WO:Desert,WO:Plains,WO:Jungle,WO:Wetlands,MUD:Plains,MUI:Wetlands
268,,MP:Plains,WI:Desert,WO:Plains,WO:Jungle,WO:Wetlands,MUD:Desert,MUI:Wetlands
269,,MD:Plains,WI:Desert,WO:Plains,WO:Jungle,WO:Wetlands
270,,D:Desert,WO:Desert,WO:Plains,WO:Jungle,WO:Wetlands,MUI:Desert
271,,P:Desert,MP:Plains,P:Wetlands,D:Jungle,WO:Desert,WO:Plains,WO:Jungle,WO:Wetlands
272,,D:Plains,D:Jungle,WO:Desert,WO:Plains,WO:Jungle,WO:Wetlands,MUD:Desert,MUD:Plains,MUI:Jungle,MUD:Wetlands
273,,WO:Plains,WO:Jungle,WO:Wetlands,MUD:Desert,MUD:Plains,MUD:Jungle
274,,MP:Desert,P:Wetlands,D:Plains,WO:Desert,WO:Plains,WO:Jungle,WO:Wetlands,MUI:Desert,MUI:Plains
275,,P:Jungle,MD:Desert,D:Plains,WO:Desert,WO:Plains,WO:Jungle,WO:Wetlands,MUI:Desert,MUI:Wetlands
276,,P:Desert,P:Jungle,WO:Desert,WO:Plains,WO:Jungle,WO:Wetlands,MUD:Plains,MUI:Wetlands
277,,P:Wetlands,D:Plains,D:Jungle,WO:Desert,WO:Plains,WO:Jungle,WI:Wetlands,MUI:Plains
278,,MP:Plains,WO:Desert,WO:Plains,WO:Jungle,WI:Wetlands,MUI:Plains,MUD:Wetlands
279,,P:Plains,P:Wetlands,WO:Desert,WO:Plains,WO:Jungle,WI:Wetlands,MUD:Desert,MUD:Plains,MUI:Wetlands
280,,P:Desert,D:Desert,WO:Desert,WO:Plains,WO:Jungle,WI:Wetlands,MUI:Plains
281,,P:Wetlands,D:Desert,WO:Desert,WO:Plains,WO:Jungle,WO:Wetlands,MUI:Desert,MUD:Plains
282,
283,,P:Plains,D:Desert,WO:Desert,WO:Plains,WO:Jungle,WI:Wetlands
284,,P:Jungle,WO:Desert,WO:Plains,WO:Jungle,WI:Wetlands,MUD:Desert,MUD:Plains,MUD:Jungle,MUD:Wetlands
285,,P:Desert,P:Wetlands,D:Plains,WO:Desert,WO:Plains,WO:Jungle,WI:Wetlands
286,
287,,P:Desert,P:Wetlands,D:Jungle,WO:Desert,WO:Plains,WO:Jungle,MWI:Wetlands,MUI:Desert,MUI:Plains
288,,P:Plains,WO:Desert,WO:Plains,WO:Jungle,WI:Wetlands,MUD:Desert,MUD:Plains
289,
290,,P:Jungle,P:Wetlands,D:Desert,D:Plains,WO:Desert,WO:Plains,WO:Jungle,MWI:Wetlands,MUI:Plains,MUD:Wetlands
291,,P:Plains,WO:Desert,WO:Plains,WO:Jungle,WI:Wetlands,MUI:Jungle,MUD:Wetlands
292,
293,,P:Plains,P:Wetlands,D:Jungle,WO:Desert,WO:Plains,WO:Jungle,WI:Wetlands,MUI:Desert,MUD:Plains,MUD:Jungle,MUI:Wetlands
294,,P:Plains,P:Jungle,WI:Desert,WO:Plains,WO:Jungle,WI:Wetlands,MUD:Desert,MUD:Plains,MUD:Jungle,MUI:Wetlands
295,
296,,D:Desert,WI:Desert,WO:Plains,WO:Jungle,WI:Wetlands,MUI:Desert,MUI:Plains,MUD:Wetlands
297,,D:Jungle,WI:Desert,WO:Plains,WI:Jungle,WI:Wetlands,MUD:Plains,MUI:Wetlands
298,
299,,P:Desert,P:Wetlands,MD:Plains,WI:Desert,WO:Plains,MWI:Jungle,WI:Wetlands,MUI:Desert,MUD:Wetlands
300,,MP:Plains,WO:Desert,WO:Plains,MWI:Jungle,WO:Wetlands,MUI:Plains
301,
302,,P:Desert,P:Jungle,MD:Plains,WO:Desert,WO:Plains,MWI:Jungle,WO:Wetlands,MUI:Desert,MUI:Plains
303,,WO:Desert,WO:Plains,MWI:Jungle,WO:Wetlands
304,,P:Wetlands,D:Desert,WO:Desert,WO:Plains,MWI:Jungle,WO:Wetlands,MUD:Plains,MUI:Jungle
305,
306,,MP:Desert,MP:Plains,WO:Desert,WO:Plains,MWI:Jungle,WO:Wetlands,MUD:Desert,MUD:Plains,MUI:Jungle
307,,P:Desert,P:Wetlands,WO:Desert,WO:Plains,WI:Jungle,WO:Wetlands,MUI:Desert,MUI:Plains,MUD:Jungle
308,
309,,P:Desert,P:Jungle,WO:Desert,WO:Plains,MWI:Jungle,WO:Wetlands,MUI:Desert,MUI:Plains,MUI:Wetlands
310,,P:Desert,MP:Plains,WO:Desert,WO:Plains,WI:Jungle,WO:Wetlands,MUD:Desert,MUD:Plains,MUD:Wetlands
311,
312,,P:Desert,P:Wetlands,D:Plains,WO:Desert,WO:Plains,WI:Jungle,WO:Wetlands,MUD:Plains,MUD:Jungle
313,,MD:Desert,WO:Desert,WO:Plains,WO:Wetlands,MUD:Desert,MUI:Plains
314,,MP:Desert,WO:Desert,WO:Plains,WO:Jungle,WO:Wetlands,MUI:Desert
315,,P:Jungle,WO:Desert,WO:Plains,WO:Jungle,WI:Wetlands,MUI:Desert
316,,MP:Plains,MD:Desert,WO:Desert,WO:Plains,WO:Jungle,WI:Wetlands,MUD:Desert,MUI:Wetlands
317,,MP:Desert,WO:Desert,WO:Plains,WO:Jungle,WO:Wetlands,MUD:Plains
318,,P:Plains,MD:Desert,WO:Desert,WO:Plains,WO:Jungle,WI:Wetlands,MUI:Plains
319,,MP:Plains,WO:Desert,WO:Plains,WO:Jungle,WI:Wetlands,MUD:Plains,MUI:Jungle
320,,MP:Desert,P:Jungle,WO:Desert,WO:Plains,WO:Jungle,WI:Wetlands,MUD:Desert,MUI:Plains,MUD:Wetlands
321,,MD:Desert,WO:Desert,WO:Plains,WO:Jungle,WI:Wetlands,MUI:Desert,MUI:Plains,MUD:Wetlands
322,,D:Desert,WO:Desert,WO:Plains,WO:Jungle,WI:Wetlands,MUD:Plains
323,,P:Desert,WO:Desert,WO:Plains,WO:Jungle,WI:Wetlands,MUD:Plains,MUI:Jungle,MUI:Wetlands
324,,P:Jungle,D:Desert,WO:Desert,WO:Plains,WO:Jungle,WI:Wetlands,MUD:Jungle
325,,P:Jungle,P:Wetlands,WO:Desert,WO:Plains,WO:Jungle,WI:Wetlands,MUI:Desert,MUD:Plains,MUD:Jungle,MUD:Wetlands
326,,P:Plains,D:Desert,D:Plains,WO:Desert,WO:Plains,WO:Jungle,WO:Wetlands,MUI:Plains
327,,D:Desert,WO:Desert,WO:Plains,WO:Jungle,WI:Wetlands,MUD:Desert,MUD:Plains,MUI:Jungle
328,,MP:Desert,WO:Desert,WO:Plains,WO:Jungle,WI:Wetlands,MUD:Desert,MUD:Plains
329,,P:Desert,P:Wetlands,WO:Desert,WO:Plains,WO:Jungle,WI:Wetlands,MUD:Desert,MUI:Jungle
330,,P:Desert,WO:Desert,WO:Plains,WO:Jungle,WI:Wetlands,MUI:Desert
331,,MP:Desert,WO:Desert,WO:Plains,WO:Jungle,WI:Wetlands,MUI:Desert
332,,P:Jungle,WO:Desert,WO:Plains,WO:Jungle,WI:Wetlands,MUI:Plains
333,,WO:Desert,WO:Plains,WO:Jungle,WO:Wetlands,MUD:Plains
334,,WO:Desert,WO:Plains,WO:Jungle,WO:Wetlands,MUI:Desert,MUI:Plains,MUI:Jungle
335,,P:Jungle,P:Wetlands,WO:Desert,WO:Plains,WO:Jungle,WI:Wetlands,MUI:Desert,MUD:Plains,MUD:Jungle
336,,P:Plains,P:Jungle,WO:Desert,WO:Plains,WO:Jungle,WI:Wetlands,MUD:Desert,MUI:Jungle
337,,P:Desert,P:Jungle,WO:Desert,WO:Plains,WO:Jungle,WO:Wetlands,MUI:Desert,MUI:Plains
338,,WO:Desert,WO:Plains,WO:Jungle,WO:Wetlands,MUD:Desert
339,,MP:Desert,WO:Desert,WO:Plains,WO:Jungle,WI:Wetlands,MUI:Jungle
340,
341,,P:Wetlands,WO:Desert,WO:Plains,WO:Jungle,WI:Wetlands,MUI:Desert,MUD:Jungle
342,,MP:Plains,P:Jungle,WO:Desert,WO:Plains,WO:Jungle,WI:Wetlands,MUD:Desert,MUD:Plains
343,,P:Desert,WO:Desert,WO:Plains,WO:Jungle,WI:Wetlands,MUI:Plains,MUD:Jungle
344,,P:Jungle,WO:Desert,WO:Plains,WO:Jungle,WO:Wetlands,MUD:Plains,MUI:Jungle
345,,P:Jungle,WO:Desert,WO:Plains,WO:Jungle,WO:Wetlands,MUD:Desert,MUD:Plains,MUI:Jungle,MUD:Wetlands
346,,P:Desert,MP:Plains,P:Jungle,WO:Desert,WO:Plains,WO:Jungle,WO:Wetlands,MUD:Plains,MUI:Jungle
347,,D:Desert,MD:Plains,WO:Desert,WO:Plains,WO:Jungle,WO:Wetlands,MUD:Jungle
348,,MD:Desert,WO:Desert,WO:Plains,WO:Jungle,WO:Wetlands,MUI:Desert
349,,P:Desert,P:Jungle,WO:Desert,WO:Plains,WO:Jungle,WO:Wetlands,MUD:Desert,MUI:Jungle
350,,D:Desert,WO:Desert,WO:Plains,WO:Jungle,WO:Wetlands
351,
352,,P:Jungle,MD:Desert,MWO:Desert,WO:Plains,WO:Jungle,WO:Wetlands,MUD:Jungle
353,,P:Jungle,WO:Desert,WI:Plains,WI:Jungle,WO:Wetlands,MUI:Desert,MUI:Jungle
354,
355,,MWO:Desert,WO:Plains,WI:Jungle,WI:Wetlands,MUI:Plains,MUD:Jungle
356,,P:Jungle,WO:Desert,WO:Plains,WI:Jungle,WO:Wetlands,MUD:Desert,MUD:Plains
357,,MP:Plains,P:Jungle,MD:Desert,WO:Desert,WO:Plains,WI:Jungle,WO:Wetlands,MUI:Desert,MUI:Plains,MUD:Jungle
358,
359,,P:Jungle,MWO:Desert,MWO:Plains,WO:Jungle,WO:Wetlands,MUI:Desert,MUI:Plains,MUI:Jungle,MUI:Wetlands
360,,MP:Desert,WO:Desert,MWO:Plains,WO:Jungle,WI:Wetlands,MUD:Desert,MUD:Plains,MUI:Jungle,MUD:Wetlands
361,
362,,MP:Desert,P:Plains,P:Jungle,WO:Desert,MWO:Plains,WI:Jungle,WI:Wetlands,MUI:Wetlands
363,,MP:Plains,MD:Desert,WI:Desert,MWO:Plains,WI:Jungle,WO:Wetlands,MUD:Wetlands
364,
365,,MP:Desert,P:Wetlands,WI:Desert,MWO:Plains,WI:Jungle,WO:Wetlands,MUD:Desert,MUD:Plains,MUD:Jungle,MUI:Wetlands
366,,MP:Desert,P:Jungle,WI:Desert,MWO:Plains,WO:Jungle,WO:Wetlands,MUD:Desert,MUI:Plains,MUD:Wetlands
367,
368,,MP:Desert,P:Plains,MWI:Desert,MWO:Plains,WO:Jungle,WO:Wetlands,MUI:Desert,MUD:Plains,MUI:Wetlands
369,,P:Desert,P:Jungle,MWI:Desert,WO:Jungle,WO:Wetlands,MUI:Desert,MUI:Plains,MUI:Jungle
370,
371,,P:Desert,P:Plains,P:Jungle,MWI:Desert,WO:Jungle,WO:Wetlands,MUD:Desert,MUD:Jungle,MUD:Wetlands
372,,P:Desert,D:Plains,WI:Desert,WO:Jungle,WO:Wetlands,MUD:Desert,MUI:Plains,MUI:Jungle,MUI:Wetlands
373,
374,,MP:Desert,P:Jungle,WO:Desert,WO:Jungle,WO:Wetlands,MUI:Desert,MUD:Plains,MUD:Wetlands
375,,MD:Desert,WO:Desert,WO:Jungle,WO:Wetlands,MUD:Jungle
376,
377,,MP:Desert,MD:Plains,WO:Desert,MWO:Plains,WO:Jungle,WO:Wetlands,MUD:Desert,MUI:Plains,MUI:Jungle
378,,MP:Plains,P:Jungle,MD:Plains,WO:Desert,WO:Jungle,WI:Wetlands,MUI:Desert,MUD:Plains,MUD:Jungle
379,,MP:Desert,WO:Desert,WO:Jungle,WI:Wetlands,MUD:Jungle
380,,MP:Desert,P:Jungle,WO:Desert,WO:Jungle,WO:Wetlands,MUD:Jungle
381,,P:Jungle,WO:Desert,WO:Jungle,WI:Wetlands,MUD:Desert,MUI:Jungle
382,,MP:Plains,P:Jungle,MD:Plains,MWO:Desert,WO:Jungle,WI:Wetlands,MUI:Plains,MUI:Jungle
383,,MP:Desert,MP:Plains,MD:Plains,WO:Desert,WO:Jungle,WI:Wetlands,MUD:Desert,MUI:Plains,MUD:Jungle
384,,MP:Plains,MD:Jungle,WO:Desert,WO:Jungle,WI:Wetlands,MUD:Plains,MUD:Jungle
385,,P:Jungle,WO:Desert,WO:Jungle,WI:Wetlands,MUI:Desert,MUD:Plains
386,,P:Jungle,WO:Jungle,WO:Wetlands,MUI:Plains
387,,WI:Desert,WO:Jungle,WO:Wetlands,MUI:Plains,MUD:Jungle
388,,MP:Jungle,D:Desert,WI:Desert,WO:Jungle,WO:Wetlands,MUI:Desert,MUD:Plains
389,
390,,MD:Desert,D:Jungle,WO:Desert,MWI:Plains,WO:Jungle,WO:Wetlands,MUD:Desert,MUI:Plains,MUI:Jungle,MUD:Wetlands
390,,D:Jungle,WO:Desert,MWI:Plains,WO:Jungle,WO:Wetlands,MUI:Desert,MUD:Plains
391,
392,,WO:Desert,MWI:Plains,WO:Jungle,WO:Wetlands
393,,D:Desert,WI:Desert,MWI:Plains,WO:Jungle,WO:Wetlands,MUI:Desert,MUI:Plains
394,,MP:Desert,MWO:Plains,WO:Jungle,WO:Wetlands,MUD:Desert,MUI:Jungle
395,,P:Jungle,MD:Desert,WO:Desert,MWI:Plains,WO:Jungle,WO:Wetlands,MUI:Desert,MUD:Jungle
396,,MP:Desert,MP:Plains,D:Jungle,WI:Desert,WI:Plains,WO:Jungle,WO:Wetlands,MUI:Jungle
397,,WO:Jungle,WO:Wetlands,MUD:Desert,MUI:Plains
398,
399,,MD:Desert,WI:Desert,MWO:Plains,WO:Jungle,WO:Wetlands,MUI:Desert,MUD:Plains,MUI:Jungle
400,,MP:Plains,P:Jungle,WO:Desert,WO:Plains,WO:Jungle,WO:Wetlands,MUD:Desert
401,
402,,MP:Desert,MD:Plains,MWO:Plains,WO:Jungle,WO:Wetlands,MUD:Desert,MUD:Jungle,MUI:Wetlands
403,,MP:Desert,P:Jungle,WO:Desert,MWO:Plains,WO:Jungle,WO:Wetlands,MUI:Desert,MUD:Plains,MUI:Jungle,MUD:Wetlands
404,
405,,MP:Plains,P:Jungle,WO:Desert,MWO:Plains,WO:Jungle,WO:Wetlands,MUI:Plains,MUD:Jungle,MUI:Wetlands
406,,MP:Plains,WO:Desert,MWO:Plains,WO:Jungle,WO:Wetlands,MUD:Plains,MUI:Wetlands
407,
408,,P:Jungle,P:Wetlands,MD:Plains,WO:Desert,MWO:Plains,WO:Jungle,MUD:Desert,MUI:Plains,MUD:Jungle,MUD:Wetlands
409,,MP:Desert,MD:Plains,WO:Desert,WO:Jungle,WI:Wetlands,MUI:Desert,MUD:Plains,MUD:Jungle
410,
411,,P:Jungle,MD:Plains,MWO:Desert,WO:Jungle,WO:Wetlands,MUD:Desert,MUI:Plains,MUD:Jungle
412,,P:Jungle,P:Wetlands,WI:Desert,WO:Jungle,WO:Wetlands,MUD:Plains,MUI:Jungle
413,,P:Jungle,MD:Plains,WI:Desert,WO:Jungle,WO:Wetlands,MUI:Plains,MUI:Jungle
414,
415,,P:Wetlands,MD:Desert,D:Jungle,WI:Desert,WO:Jungle,WO:Wetlands,MUD:Desert,MUI:Plains
416,,MP:Plains,MD:Plains,MWI:Desert,WO:Jungle,WO:Wetlands,MUI:Desert
417,
418,,MP:Desert,WI:Desert,WO:Jungle,WO:Wetlands,MUI:Jungle
419,,MP:Desert,P:Jungle,WI:Desert,WO:Jungle,WI:Wetlands,MUD:Jungle
420,,D:Jungle,WO:Desert,WO:Jungle,WI:Wetlands,MUI:Jungle
421,,WO:Desert,WO:Jungle,MUD:Desert,MUD:Plains,MUD:Jungle
422,,MP:Desert,WO:Desert,WO:Jungle,WO:Wetlands,MUI:Desert,MUI:Plains,MUI:Jungle
423,,WO:Desert,WO:Jungle,WO:Wetlands,MUD:Plains,MUD:Wetlands
424,,WI:Desert,WO:Jungle,WO:Wetlands,MUI:Plains,MUD:Jungle
425,,MD:Jungle,WI:Desert,WO:Jungle,WO:Wetlands,MUD:Desert,MUD:Jungle
426,,WO:Jungle,WO:Wetlands,MUI:Desert,MUD:Plains,MUI:Jungle
427,,P:Desert,MD:Jungle,WO:Desert,MWI:Plains,WO:Jungle,WO:Wetlands,MUD:Desert,MUD:Jungle
428,,MD:Plains,WO:Desert,MWI:Plains,WO:Jungle,WO:Wetlands,MUI:Desert,MUI:Wetlands
429,,MP:Jungle,MD:Desert,WO:Desert,MWO:Plains,WO:Jungle,WO:Wetlands,MUD:Desert,MUD:Plains,MUI:Jungle,MUI:Wetlands
430,,MP:Plains,P:Jungle,P:Wetlands,WO:Desert,MWO:Plains,WO:Jungle,WO:Wetlands,MUD:Plains,MUD:Wetlands
431,,MP:Desert,MP:Jungle,WO:Desert,WO:Jungle,WO:Wetlands,MUI:Plains
432,,MP:Plains,D:Jungle,MWO:Desert,MWO:Plains,WO:Jungle,WO:Wetlands,MUI:Wetlands
433,,MP:Desert,MWO:Desert,MWO:Plains,WO:Jungle,WO:Wetlands,MUI:Desert,MUI:Plains,MUD:Wetlands
434,,MP:Plains,P:Jungle,WO:Desert,MWI:Plains,WO:Jungle,WO:Wetlands,MUD:Plains,MUD:Jungle,MUD:Wetlands
435,,P:Jungle,MD:Desert,MD:Plains,WO:Desert,WO:Jungle,WO:Wetlands,MUD:Plains,MUI:Jungle
436,,MD:Plains,D:Jungle,MWO:Desert,MWI:Plains,WO:Jungle,WO:Wetlands,MUD:Desert,MUD:Plains,MUD:Jungle
437,,MP:Plains,MWO:Desert,MWO:Plains,WO:Jungle,WO:Wetlands,MUI:Plains,MUI:Jungle
438,,MD:Desert,D:Jungle,WO:Desert,MWO:Plains,WO:Jungle,WO:Wetlands,MUD:Plains,MUD:Jungle
439,,MD:Plains,MWO:Desert,MWO:Plains,WO:Jungle,WO:Wetlands
440,,MP:Plains,P:Jungle,MD:Desert,MWO:Desert,MWO:Plains,WO:Jungle,WO:Wetlands,MUD:Desert
441,
442,
443,,MP:Desert,P:Jungle,MWO:Desert,MWO:Plains,WO:Jungle,WO:Wetlands,MUI:Jungle,MUI:Wetlands
444,,MP:Plains,D:Jungle,MWO:Desert,WO:Jungle,WI:Wetlands,MUD:Desert,MUI:Plains,MUD:Jungle
445,
446,,MP:Desert,P:Jungle,MWO:Desert,WO:Jungle,WI:Wetlands,MUI:Plains,MUD:Wetlands
447,,D:Desert,WO:Jungle,MUD:Plains
448,
449,,P:Jungle,MD:Desert,MD:Plains,WO:Jungle,WO:Wetlands,MUI:Plains
450,,P:Jungle,WO:Jungle,WO:Wetlands,MUI:Jungle
451,
452,,MD:Jungle,MD:Wetlands,WO:Jungle,WO:Wetlands,MUD:Desert,MUD:Jungle
453,,P:Wetlands,WO:Jungle,WO:Wetlands,MUD:Plains,MUI:Jungle
454,
455,,MP:Jungle,P:Wetlands,MD:Desert,WO:Jungle,WO:Wetlands,MUI:Jungle,MUI:Wetlands
456,,MP:Wetlands,MD:Jungle,WO:Jungle,WO:Wetlands,MUD:Desert,MUD:Jungle
457,
458,,WO:Jungle,WO:Wetlands,MUD:Wetlands
459,,P:Jungle,MWI:Desert,MWI:Plains,WO:Jungle,WO:Wetlands,MUD:Plains
460,,MP:Desert,P:Jungle,MWI:Desert,MWI:Plains,WO:Jungle,WO:Wetlands,MUI:Desert,MUI:Plains
461,
462,,D:Jungle,D:Wetlands,MWI:Desert,MWI:Plains,WO:Jungle,WO:Wetlands,MUD:Desert,MUI:Plains,MUI:Jungle,MUI:Wetlands
463,,MWI:Desert,WI:Plains,WO:Jungle,WO:Wetlands,MUI:Desert,MUI:Plains,MUD:Jungle
464,
465,,MP:Plains,MD:Wetlands,MWI:Desert,WI:Plains,WO:Jungle,WO:Wetlands,MUD:Plains,MUD:Jungle,MUD:Wetlands
466,,MP:Plains,MP:Jungle,MWI:Desert,MWI:Plains,WO:Jungle,WO:Wetlands,MUI:Plains
467,
468,,MP:Desert,MP:Plains,MP:Wetlands,MWI:Desert,MWI:Plains,WO:Jungle,WO:Wetlands,MUD:Plains,MUI:Jungle
469,,D:Wetlands,WI:Desert,WO:Plains,WO:Jungle,WO:Wetlands,MUI:Desert
470,
471,,P:Desert,MP:Plains,P:Jungle,D:Wetlands,MWI:Desert,WO:Plains,WO:Jungle,WO:Wetlands,MUD:Jungle
472,,P:Jungle,WI:Desert,MWO:Plains,WO:Jungle,WO:Wetlands,MUI:Jungle
473,,MP:Desert,WI:Desert,WO:Plains,WO:Jungle,WO:Wetlands
474,,MP:Desert,WI:Desert,WO:Plains,WO:Jungle,WO:Wetlands
475,,D:Wetlands,WI:Desert,WO:Plains,WO:Jungle,WO:Wetlands,MUD:Desert,MUI:Plains,MUI:Jungle
476,,MP:Desert,MP:Plains,WI:Desert,MWO:Plains,WO:Jungle,WO:Wetlands,MUI:Desert,MUD:Plains,MUD:Jungle
477,,WO:Jungle,WI:Wetlands,MUD:Plains
478,,MP:Desert,MP:Plains,WI:Desert,WI:Plains,WO:Jungle,WO:Wetlands,MUI:Jungle
479,,P:Desert,P:Wetlands,WI:Desert,WI:Plains,WO:Jungle,WO:Wetlands
480,,P:Jungle,WO:Plains,WO:Jungle,WO:Wetlands,MUD:Desert,MUI:Plains
481,,P:Jungle,WI:Desert,WO:Plains,WO:Jungle,WO:Wetlands
482,,WI:Desert,MWO:Plains,WO:Jungle,WO:Wetlands,MUD:Desert
483,,MP:Desert,WI:Desert,MWO:Plains,WO:Jungle,WI:Wetlands,MUD:Jungle,MUI:Wetlands
484,,P:Desert,MP:Plains,WI:Desert,MWO:Plains,WO:Jungle,WO:Wetlands,MUI:Desert
485,,D:Plains,D:Jungle,WO:Desert,WO:Plains,WO:Jungle,WO:Wetlands,MUD:Plains
486,,P:Desert,MD:Wetlands,WO:Desert,WI:Plains,WO:Jungle,WO:Wetlands,MUD:Desert,MUD:Plains,MUI:Jungle,MUI:Wetlands
487,,P:Jungle,WO:Desert,MWI:Plains,WO:Jungle,WO:Wetlands,MUI:Desert,MUD:Wetlands
488,,WI:Desert,MWI:Plains,WO:Jungle,WO:Wetlands,MUD:Desert,MUD:Plains
489,,MP:Plains,P:Jungle,WI:Desert,MWI:Plains,WO:Jungle,WO:Wetlands,MUI:Desert
490,,MP:Wetlands,WI:Desert,MWI:Plains,WO:Jungle,WO:Wetlands,MUI:Jungle
491,,P:Jungle,D:Wetlands,WI:Desert,WI:Plains,WO:Jungle,WO:Wetlands,MUI:Plains
492,
493,,WI:Desert,MWI:Plains,WO:Jungle,WO:Wetlands
494,,WI:Desert,WI:Plains,WO:Jungle,WO:Wetlands,MUD:Desert,MUD:Jungle
495,,D:Jungle,D:Wetlands,WO:Desert,WI:Plains,WO:Jungle,WO:Wetlands,MUI:Desert
496,,WI:Desert,MWI:Plains,WO:Jungle,WO:Wetlands,MUD:Desert,MUI:Jungle
497,,P:Wetlands,WO:Desert,WI:Plains,WO:Jungle,WO:Wetlands,MUD:Desert,MUI:Plains
498,,WO:Desert,WO:Jungle,WO:Wetlands,MUI:Desert,MUD:Plains,MUD:Jungle
499,,WI:Desert,WO:Plains,WO:Jungle,WO:Wetlands,MUD:Desert,MUD:Jungle
500,,WI:Desert,WO:Plains,WO:Jungle,WO:Wetlands,MUI:Desert,MUI:Plains,MUD:Jungle
501,,WI:Desert,WO:Plains,WO:Jungle,WO:Wetlands,MUD:Desert
502,,P:Wetlands,D:Desert,MD:Plains,D:Jungle,MWI:Desert,WO:Plains,WO:Jungle,WO:Wetlands,MUI:Jungle
503,,MD:Jungle,MWI:Desert,WO:Plains,WO:Jungle,WO:Wetlands
504,
505,,WI:Desert,WO:Plains,WO:Jungle,WO:Wetlands,MUD:Plains,MUI:Jungle,MUI:Wetlands
506,,MP:Desert,MP:Plains,D:Jungle,WI:Desert,WO:Plains,WO:Jungle,WO:Wetlands,MUI:Desert,MUI:Plains,MUD:Jungle
507,
508,,MP:Plains,MP:Jungle,D:Desert,WI:Desert,WO:Plains,MWO:Jungle,WO:Wetlands,MUI:Desert,MUD:Plains,MUD:Wetlands
509,,WI:Desert,WI:Plains,WO:Jungle,WO:Wetlands,MUI:Plains
510,,MP:Desert,WI:Desert,MWI:Plains,WO:Jungle,WO:Wetlands,MUD:Desert,MUD:Plains,MUI:Jungle
511,
512,,P:Jungle,MWI:Desert,WI:Plains,MWO:Jungle,WO:Wetlands,MUI:Jungle
513,,D:Jungle,WI:Desert,WI:Plains,WO:Jungle,WO:Wetlands,MUD:Jungle
514,
515,,P:Wetlands,WI:Desert,WI:Plains,MWO:Jungle,WO:Wetlands,MUI:Wetlands
516,,MP:Desert,MP:Plains,WI:Desert,WI:Plains,MWO:Jungle,WO:Wetlands,MUI:Desert,MUI:Wetlands
517,
518,,MP:Desert,P:Jungle,WI:Desert,MWI:Plains,MWO:Jungle,WO:Wetlands,MUI:Plains,MUD:Jungle,MUD:Wetlands
519,,P:Plains,WI:Desert,MWI:Plains,MWO:Jungle,WO:Wetlands,MUI:Plains,MUI:Jungle,MUI:Wetlands
520,
521,,MP:Desert,P:Wetlands,WI:Desert,MWI:Plains,MWO:Jungle,WO:Wetlands,MUD:Desert,MUI:Plains,MUD:Jungle,MUI:Wetlands
522,,WI:Desert,WI:Plains,WO:Wetlands
523,
524,,MP:Plains,WI:Desert,MWI:Plains,WO:Wetlands,MUI:Desert
525,,P:Desert,MD:Jungle,WI:Desert,WI:Plains,WO:Wetlands
526,,WO:Desert,WO:Plains,WO:Wetlands,MUI:Plains,MUI:Wetlands
527,,WI:Desert,WI:Plains,WO:Wetlands,MUD:Desert,MUD:Plains
528,,MP:Plains,P:Wetlands,WO:Desert,WO:Plains,WO:Wetlands,MUD:Plains
529,,MP:Plains,WO:Desert,WO:Plains,MWI:Jungle,WO:Wetlands,MUI:Desert,MUI:Plains,MUD:Wetlands
530,,MP:Desert,MD:Jungle,WO:Desert,WO:Plains,MWI:Jungle,WO:Wetlands,MUI:Desert,MUD:Plains
531,,WI:Desert,WO:Plains,MWO:Jungle,MUI:Plains,MUI:Wetlands
532,,MP:Plains,WO:Desert,WO:Plains,MWO:Jungle,WO:Wetlands,MUD:Desert,MUD:Plains
533,,WO:Desert,WO:Plains,MWO:Jungle,WO:Wetlands,MUI:Desert,MUD:Jungle,MUD:Wetlands
534,,P:Desert,WO:Desert,WO:Wetlands,MUI:Wetlands
535,,MP:Jungle,WO:Desert,WO:Plains,MWO:Jungle,WO:Wetlands,MUD:Desert,MUI:Plains,MUD:Wetlands
536,,MP:Plains,WO:Desert,WO:Plains,WO:Jungle,WO:Wetlands,MUI:Desert,MUI:Jungle
537,,P:Wetlands,WO:Desert,WO:Plains,WO:Jungle,WO:Wetlands,MUD:Desert,MUI:Wetlands
538,,WO:Desert,WO:Plains,MUD:Plains,MUD:Jungle,MUD:Wetlands
539,,WO:Desert,WO:Plains,MWO:Jungle,WO:Wetlands,MUI:Plains,MUI:Wetlands
540,,WO:Desert,WI:Plains,MWO:Jungle,WO:Wetlands,MUD:Desert,MUD:Plains,MUD:Jungle,MUD:Wetlands
541,,P:Desert,MP:Plains,P:Wetlands,WO:Desert,WO:Plains,WO:Wetlands,MUD:Wetlands
542,,WO:Desert,WI:Plains,MWO:Jungle,WO:Wetlands,MUI:Plains,MUD:Wetlands
543,,WO:Desert,WI:Plains,MWO:Jungle,WO:Wetlands,MUI:Plains
544,,WO:Desert,WI:Plains,MWO:Jungle,WO:Wetlands,MUI:Desert,MUD:Plains
545,,WO:Desert,WI:Plains,MWO:Jungle,WO:Wetlands,MUD:Desert,MUD:Plains
546,
547,,P:Desert,MP:Jungle,WO:Desert,WO:Plains,WO:Wetlands,MUI:Desert
548,,P:Plains,MD:Wetlands,WO:Desert,WO:Plains,MWO:Jungle,WO:Wetlands,MUD:Desert,MUI:Jungle
549,,WO:Desert,WO:Plains,MWO:Jungle,WO:Wetlands
550,,WO:Desert,WO:Plains,MWO:Jungle,WO:Wetlands,MUD:Desert,MUD:Plains
551,,MP:Desert,D:Wetlands,WO:Desert,WO:Plains,MWO:Jungle,WO:Wetlands,MUI:Desert,MUI:Plains,MUD:Jungle
552,,MP:Plains,MP:Wetlands,WI:Desert,WI:Plains,WO:Wetlands,MUD:Jungle
553,,D:Wetlands,WI:Desert,WO:Plains,WO:Wetlands,MUI:Desert,MUD:Plains,MUD:Wetlands
554,,P:Plains,D:Wetlands,WO:Desert,WO:Plains,WO:Wetlands,MUI:Plains,MUI:Jungle
555,,P:Desert,P:Wetlands,WI:Desert,WO:Plains,WO:Wetlands,MUD:Wetlands
556,,P:Desert,MP:Plains,WI:Desert,WO:Plains,WO:Wetlands
557,,P:Plains,WO:Desert,WO:Plains,WO:Wetlands,MUD:Plains,MUI:Wetlands
558,
559,,MP:Desert,D:Plains,D:Wetlands,WO:Desert,WO:Plains,WO:Wetlands,MUI:Desert,MUD:Wetlands
560,,MP:Plains,WO:Desert,WO:Plains,WO:Wetlands
561,
562,,P:Plains,D:Wetlands,WO:Desert,WO:Plains,WO:Wetlands,MUI:Jungle
563,,P:Plains,P:Wetlands,WO:Plains,WO:Wetlands,MUD:Desert
564,
565,,MP:Desert,MP:Plains,WI:Desert,WO:Plains,WO:Wetlands,MUI:Desert,MUD:Jungle
566,,D:Plains,WI:Desert,WO:Plains,MWI:Jungle,WO:Wetlands,MUD:Desert
567,
568,,D:Plains,WI:Desert,WO:Plains,WO:Jungle,WI:Wetlands,MUD:Desert
569,,P:Desert,WO:Desert,WO:Plains,WO:Jungle,WO:Wetlands
570,
571,,P:Wetlands,MD:Plains,WI:Desert,WO:Plains,WO:Jungle,WO:Wetlands,MUD:Jungle
572,,MP:Plains,WO:Desert,WO:Plains,WO:Jungle,WO:Wetlands,MUI:Desert
573,
574,,P:Desert,P:Plains,WO:Desert,WO:Plains,MWI:Jungle,WO:Wetlands,MUD:Desert,MUD:Plains
575,,P:Wetlands,D:Plains,WO:Desert,WO:Plains,MWI:Jungle,WI:Wetlands,MUI:Plains,MUI:Jungle
576,
577,,P:Desert,D:Plains,WO:Desert,WO:Plains,MWI:Jungle,WI:Wetlands,MUI:Jungle,MUI:Wetlands
578,,WO:Desert,WO:Plains,WO:Jungle,WI:Wetlands,MUI:Desert
579,
580,,P:Wetlands,D:Plains,WO:Desert,MWO:Plains,WO:Jungle,WI:Wetlands,MUD:Jungle
581,,P:Desert,D:Plains,WO:Desert,WO:Plains,WO:Jungle,WI:Wetlands,MUD:Desert
582,
583,,P:Desert,MP:Plains,P:Wetlands,WO:Desert,MWO:Plains,WO:Jungle,WI:Wetlands,MUD:Desert
584,,P:Desert,WI:Desert,WO:Plains,WO:Jungle,WI:Wetlands
585,,WI:Desert,MWO:Plains,WI:Jungle,WO:Wetlands
586,,MD:Plains,WO:Desert,WO:Plains,MWI:Jungle,WI:Wetlands
587,,P:Desert,MP:Plains,MP:Jungle,WO:Desert,MWI:Plains,WI:Jungle,WO:Wetlands,MUI:Desert
588,,WI:Desert,MWI:Plains,WO:Jungle,WO:Wetlands,MUD:Desert
589,,MP:Plains,P:Wetlands,WO:Desert,WI:Plains,WI:Jungle,WO:Wetlands,MUI:Desert,MUD:Plains
590,,P:Desert,MD:Plains,WO:Desert,WI:Plains,WI:Jungle,WO:Wetlands,MUI:Desert,MUI:Plains,MUI:Jungle
591,,WO:Desert,WO:Plains,MWI:Jungle,WO:Wetlands,MUD:Plains,MUD:Jungle
592,,WO:Desert,WO:Plains,MWI:Jungle,WI:Wetlands,MUI:Plains,MUI:Jungle
593,,WO:Desert,WO:Plains,WI:Jungle,WO:Wetlands,MUD:Jungle
594,,D:Wetlands,WO:Desert,MWO:Plains,MWI:Jungle,WO:Wetlands
595,,MP:Jungle,D:Plains,WO:Desert,WI:Jungle,WO:Wetlands,MUD:Desert,MUI:Plains,MUI:Jungle
596,,P:Desert,WO:Desert,WO:Plains,WI:Jungle,WO:Wetlands,MUD:Plains
597,,MP:Plains,P:Wetlands,WO:Desert,WO:Plains,WI:Jungle,WO:Wetlands
598,,P:Desert,MP:Jungle,P:Wetlands,WO:Desert,WO:Plains,MWI:Jungle,WO:Wetlands,MUI:Jungle
599,,MP:Jungle,WO:Desert,MWO:Plains,WI:Jungle,WO:Wetlands
600,,MP:Plains,WO:Desert,MWO:Plains,WO:Jungle,WO:Wetlands
601,,MP:Jungle,WO:Desert,MWO:Plains,WO:Jungle,WO:Wetlands,MUD:Desert,MUD:Plains
602,,MP:Plains,WO:Desert,MWI:Plains,WO:Wetlands,MUI:Desert,MUI:Plains,MUD:Jungle
603,
604,,P:Desert,WO:Desert,WO:Plains,WI:Jungle,WO:Wetlands
605,,P:Plains,MP:Jungle,P:Wetlands,WO:Desert,WO:Plains,WI:Jungle,WO:Wetlands,MUD:Desert,MUI:Jungle,MUD:Wetlands
606,,MP:Plains,WO:Desert,MWO:Plains,WI:Jungle,WO:Wetlands,MUD:Plains,MUD:Jungle,MUI:Wetlands
607,,WO:Desert,MWO:Plains,WI:Jungle,WO:Wetlands,MUI:Jungle
608,,P:Wetlands,WO:Desert,MWO:Plains,WI:Jungle,WO:Wetlands,MUI:Plains,MUD:Jungle
609,,D:Wetlands,WO:Desert,MWO:Plains,WO:Wetlands,MUD:Plains
610,,MP:Jungle,WO:Desert,MWO:Plains,WO:Jungle,WO:Wetlands,MUI:Plains,MUD:Jungle,MUI:Wetlands
611,
612,,MP:Jungle,MD:Plains,WO:Desert,MWO:Plains,WO:Jungle,WO:Wetlands,MUD:Plains,MUI:Wetlands
613,,P:Wetlands,D:Plains,WO:Desert,MWO:Plains,WO:Jungle,WO:Wetlands,MUD:Desert,MUD:Wetlands
614,
615,,MP:Jungle,MD:Plains,WO:Desert,MWO:Plains,WI:Jungle,WO:Wetlands,MUI:Plains,MUI:Jungle,MUD:Wetlands
616,,P:Jungle,WO:Desert,WO:Jungle,WO:Wetlands,MUD:Wetlands
617,
618,,P:Jungle,WO:Desert,WI:Jungle,WO:Wetlands,MUD:Plains,MUD:Jungle,MUI:Wetlands
619,,P:Jungle,P:Wetlands,WO:Desert,WO:Jungle,WO:Wetlands,MUI:Plains,MUI:Jungle
620,
621,,D:Wetlands,WO:Desert,WO:Jungle,WO:Wetlands,MUD:Desert,MUD:Plains,MUD:Wetlands
622,,MWI:Plains,WI:Wetlands,MUD:Plains,MUD:Jungle
623,
624,,MP:Jungle,P:Wetlands,WO:Desert,MWI:Plains,WO:Jungle,WI:Wetlands,MUI:Plains
625,,P:Jungle,WO:Desert,WO:Plains,WI:Jungle,WO:Wetlands,MUI:Jungle
626,
627,,MP:Plains,P:Jungle,MD:Plains,WO:Desert,MWI:Plains,MWI:Jungle,WO:Wetlands,MUD:Jungle,MUI:Wetlands
628,,MP:Plains,P:Wetlands,MD:Plains,WO:Desert,WI:Jungle,WO:Wetlands,MUI:Plains,MUD:Jungle
629,
630,,P:Wetlands,WI:Desert,MWO:Plains,WI:Jungle,WO:Wetlands,MUI:Desert,MUI:Jungle
631,,P:Desert,P:Jungle,WO:Desert,WI:Jungle,WO:Wetlands
632,,MP:Plains,P:Jungle,WO:Desert,WO:Plains,WI:Jungle,WO:Wetlands,MUI:Plains,MUD:Jungle
633,,WO:Desert,WO:Plains,WO:Wetlands,MUI:Desert,MUI:Wetlands
634,,WO:Desert,WO:Plains,WO:Jungle,WO:Wetlands
635,,WO:Desert,WO:Plains,WI:Jungle,WO:Wetlands,MUI:Desert,MUD:Plains
636,,P:Desert,MP:Plains,P:Jungle,WO:Desert,WO:Plains,WI:Jungle,WO:Wetlands,MUD:Desert,MUI:Plains,MUD:Jungle
637,,P:Desert,WO:Desert,WO:Plains,WI:Jungle,WO:Wetlands,MUD:Desert,MUD:Plains,MUI:Jungle,MUI:Wetlands
638,,MP:Plains,WO:Desert,WI:Plains,WI:Jungle,WO:Wetlands,MUI:Jungle,MUD:Wetlands
639,,MP:Plains,P:Jungle,MD:Wetlands,WO:Desert,WO:Plains,WI:Jungle,WO:Wetlands,MUI:Desert,MUI:Plains,MUI:Jungle
640,,P:Jungle,WO:Desert,WO:Plains,WI:Jungle,WO:Wetlands,MUD:Desert,MUD:Plains,MUD:Jungle,MUD:Wetlands
641,,P:Desert,MD:Jungle,WO:Desert,WI:Jungle,WO:Wetlands,MUI:Desert,MUI:Wetlands
642,,WI:Desert,MWO:Plains,WI:Jungle,WO:Wetlands,MUD:Desert,MUD:Jungle
643,,MP:Wetlands,WO:Desert,MWO:Plains,WI:Jungle,WO:Wetlands,MUI:Desert,MUI:Jungle,MUI:Wetlands
644,,MD:Plains,D:Wetlands,WO:Desert,WO:Plains,WI:Jungle,WO:Wetlands,MUD:Desert,MUI:Plains,MUD:Jungle,MUD:Wetlands
645,,MP:Desert,MP:Jungle,MD:Plains,D:Wetlands,WO:Desert,MWO:Plains,WI:Jungle,WO:Wetlands,MUD:Desert,MUD:Plains,MUD:Jungle,MUI:Wetlands
646,,P:Wetlands,WO:Desert,MWO:Plains,WI:Jungle,WO:Wetlands,MUI:Desert,MUI:Jungle,MUD:Wetlands
647,,MP:Plains,MD:Jungle,MWO:Plains,WI:Jungle,WO:Wetlands,MUI:Desert,MUI:Jungle,MUD:Wetlands
648,,WO:Desert,MWO:Plains,WI:Jungle,WO:Wetlands,MUD:Desert,MUD:Plains,MUD:Jungle,MUD:Wetlands
649,,P:Desert,P:Wetlands,WO:Desert,MWO:Plains,WI:Jungle,WI:Wetlands,MUD:Plains
650,,P:Jungle,MWO:Plains,WO:Jungle,MWI:Wetlands,MUI:Desert,MUI:Plains,MUI:Jungle
651,,P:Desert,MP:Jungle,WO:Desert,WI:Jungle,MWI:Wetlands,MUI:Desert,MUI:Jungle
652,,MD:Plains,D:Jungle,WO:Desert,WI:Jungle,MWI:Wetlands,MUD:Desert,MUI:Plains,MUD:Jungle,MUD:Wetlands
653,,P:Jungle,WO:Desert,WI:Jungle,MWI:Wetlands
654,,P:Wetlands,WI:Desert,WI:Jungle,MWI:Wetlands,MUI:Desert,MUI:Wetlands
655,,MP:Plains,WO:Desert,WI:Jungle,MWI:Wetlands,MUD:Desert,MUD:Plains,MUD:Jungle
656,
657,,P:Desert,MP:Jungle,WO:Desert,WI:Jungle,WI:Wetlands,MUI:Wetlands
658,
659,,P:Desert,P:Jungle,WO:Desert,WI:Jungle,MWI:Wetlands,MUI:Desert,MUI:Plains,MUI:Jungle,MUD:Wetlands
660,,P:Jungle,WO:Desert,WI:Jungle,WI:Wetlands,MUD:Plains,MUI:Jungle,MUI:Wetlands
661,
662,,P:Desert,P:Jungle,P:Wetlands,WO:Desert,WO:Jungle,MWI:Wetlands,MUD:Jungle,MUD:Wetlands
663,,P:Desert,P:Jungle,WO:Desert,WO:Jungle,WI:Wetlands,MUD:Desert,MUI:Jungle,MUD:Wetlands
664,
665,,P:Desert,WO:Desert,MWI:Plains,WO:Jungle,WI:Wetlands
666,,P:Jungle,WO:Desert,WO:Jungle,MUD:Jungle
667,
668,,WO:Desert,MWO:Plains,WO:Jungle,WO:Wetlands,MUD:Plains,MUD:Jungle
669,,P:Desert,WO:Desert,MWO:Plains,WO:Jungle,WO:Wetlands,MUD:Jungle,MUI:Wetlands
670,
671,,P:Desert,WO:Desert,MWO:Plains,WO:Jungle,WO:Wetlands,MUI:Jungle,MUD:Wetlands
672,,P:Jungle,WO:Desert,MWO:Plains,WO:Jungle,WO:Wetlands,MUI:Desert,MUI:Wetlands
673,
674,,P:Desert,WO:Desert,WO:Jungle,WO:Wetlands,MUD:Desert,MUD:Wetlands
675,,P:Desert,P:Jungle,P:Wetlands,WO:Desert,WO:Jungle,WO:Wetlands,MUI:Desert
676,
677,,P:Desert,P:Jungle,WO:Desert,WO:Jungle,WO:Wetlands,MUD:Desert,MUI:Jungle,MUD:Wetlands
678,,WO:Desert,WO:Jungle,WO:Wetlands,MUI:Plains
679,
680,,D:Desert,WO:Desert,WO:Jungle,WO:Wetlands,MUD:Desert,MUD:Plains,MUI:Jungle
681,,WO:Desert,WO:Jungle,WO:Wetlands,MUD:Jungle
682,
683,,MD:Desert,WO:Desert,WO:Jungle,WO:Wetlands,MUI:Desert
684,,MP:Desert,MD:Jungle,WO:Desert,WO:Jungle,WO:Wetlands,MUI:Desert,MUD:Plains
685,,P:Jungle,D:Desert,WO:Desert,WO:Jungle,WO:Wetlands,MUI:Desert,MUI:Jungle,MUI:Wetlands
686,
687,,MP:Desert,P:Jungle,WO:Desert,WO:Jungle,WO:Wetlands,MUD:Desert,MUI:Jungle,MUI:Wetlands
688,,MP:Jungle,D:Desert,WO:Desert,WO:Jungle,WO:Wetlands,MUD:Jungle
689,,P:Desert,D:Jungle,WI:Desert,WO:Jungle,WO:Wetlands,MUI:Jungle,MUD:Wetlands
690,,P:Wetlands,WO:Desert,WO:Jungle,WO:Wetlands,MUD:Desert
691,,D:Desert,WO:Desert,WO:Jungle,MUD:Desert,MUD:Jungle
692,,P:Jungle,P:Wetlands,WO:Desert,WO:Jungle,WO:Wetlands,MUD:Jungle
693,,P:Wetlands,D:Desert,WI:Desert,WO:Jungle,WO:Wetlands,MUI:Desert,MUD:Wetlands
694,,D:Jungle,MWI:Desert,WO:Jungle
695,,MP:Desert,MWI:Desert,WO:Wetlands,MUD:Desert,MUI:Jungle
696,,P:Jungle,WI:Desert,WO:Jungle,WO:Wetlands,MUI:Desert,MUD:Jungle
697,,P:Desert,MWI:Desert,WI:Jungle,WO:Wetlands,MUI:Jungle
698,,P:Desert,P:Jungle,P:Wetlands,WI:Desert,WI:Jungle,WO:Wetlands,MUD:Desert
699,,P:Jungle,MWI:Desert,WI:Jungle,WO:Wetlands,MUI:Desert
700,,WI:Desert,WI:Jungle,WO:Wetlands
701,,WO:Desert,WO:Jungle,WO:Wetlands,MUD:Desert,MUD:Jungle
702,,WI:Desert,WO:Jungle,WO:Wetlands
703,,MD:Jungle,WO:Desert,WO:Jungle,WO:Wetlands,MUI:Jungle
704,,WO:Desert,WO:Jungle,MUI:Desert,MUD:Jungle
705,,P:Wetlands,WO:Desert,WO:Jungle,WO:Wetlands,MUD:Desert
706,,P:Desert,WO:Desert,WO:Jungle,WO:Wetlands,MUD:Desert
707,,P:Desert,MP:Jungle,WO:Desert,WO:Jungle,WO:Wetlands
708,,D:Jungle,WO:Desert,WO:Jungle,WO:Wetlands,MUI:Desert,MUI:Jungle
709,,P:Desert,P:Wetlands,WO:Desert,WO:Jungle,WO:Wetlands,MUD:Desert,MUI:Wetlands
710,,P:Jungle,WO:Desert,WO:Jungle,WO:Wetlands,MUD:Desert,MUI:Wetlands
711,,WO:Desert,WO:Jungle,WI:Wetlands
712,,P:Jungle,WO:Desert,WO:Jungle,WI:Wetlands,MUI:Jungle
713,,P:Desert,D:Wetlands,WO:Desert,WO:Jungle,WO:Wetlands,MUD:Desert
714,
715,,D:Jungle,D:Wetlands,WO:Desert,WO:Jungle,WI:Wetlands
716,,P:Jungle,WO:Desert,WO:Jungle
717,,WO:Desert,WO:Jungle,WO:Wetlands,MUI:Plains,MUD:Wetlands
718,,MP:Wetlands,WO:Desert,WO:Jungle,WI:Wetlands,MUD:Desert,MUD:Plains,MUD:Wetlands
719,,P:Jungle,P:Wetlands,WO:Desert,WO:Jungle,WI:Wetlands,MUI:Wetlands
720,,MP:Jungle,WO:Desert,WI:Wetlands,MUI:Wetlands
